TimeStep, Goal_X, Goal_Y, Goal_Z, Goal_QX, Goal_QY, Goal_QZ, Goal_QW
145, 1.624786, 0.512257, 0.000000, 0.000000, 0.000000, -0.418769, 0.908093
TerrainType, step_start, step_height, step_width, stair_start, stair_height, stair_width, fissure_start, fissure_width, down_start, down_height, down_width
3, 0.562346, 0.077592, 0.674117, 0.541336, 0.087804, 1.034041, 0.535554, 0.166504, 0.000000, 0.000000, 0.000000
Time, LF_Contact, RF_Contact, LH_Contact, RH_Contact, LF_X, LF_Y, LF_Z, RF_X, RF_Y, RF_Z, LH_X, LH_Y, LH_Z, RH_X, RH_Y, RH_Z, Base_X, Base_Y, Base_Z, Base_VX, Base_VY, Base_VZ, Base_AX, Base_AY, Base_AZ, Base_QX, Base_QY, Base_QZ, Base_QW, Base_WX, Base_WY, Base_WZ, Base_WXd, Base_WYd, Base_WZd
0.000000, 1, 1, 1, 1, 0.231000, 0.084500, 3.000000, 0.231000, -0.084500, 3.000000, -0.231000, 0.084500, 3.000000, -0.231000, -0.084500, 3.000000, 0.000000, 0.000000, 3.250000, 0.000000, 0.000000, 0.000000, -0.199012, 0.439674, -6.997579, 0.000000, 0.000000, 0.000000, 1.000000, 0.000000, 0.000000, 0.000000, -97.436391, 6.595911, -73.029488
0.010000, 1, 1, 1, 1, 0.231000, 0.084500, 3.000000, 0.231000, -0.084500, 3.000000, -0.231000, 0.084500, 3.000000, -0.231000, -0.084500, 3.000000, 0.000007, 0.000012, 3.249661, 0.003162, 0.001301, -0.066609, 0.831410, -0.179569, -6.324195, -0.002220, 0.000168, -0.001701, 0.999996, -0.844751, 0.068446, -0.655384, -71.491994, 7.315646, -58.023824
0.020000, 1, 1, 1, 1, 0.231000, 0.084500, 3.000000, 0.231000, -0.084500, 3.000000, -0.231000, 0.084500, 3.000000, -0.231000, -0.084500, 3.000000, 0.000098, 0.000005, 3.248690, 0.016628, -0.003591, -0.126484, 1.861831, -0.798813, -5.650811, -0.008014, 0.000705, -0.006302, 0.999948, -1.429430, 0.148411, -1.160182, -45.424951, 8.677586, -42.929619
0.030000, 1, 1, 1, 1, 0.231000, 0.084500, 3.000000, 0.231000, -0.084500, 3.000000, -0.231000, 0.084500, 3.000000, -0.231000, -0.084500, 3.000000, 0.000374, -0.000081, 3.247154, 0.040399, -0.014676, -0.179625, 2.892252, -1.418056, -4.977426, -0.016080, 0.001677, -0.013047, 0.999784, -1.752941, 0.240295, -1.514022, -19.266416, 9.541748, -27.849294
0.040000, 1, 1, 1, 1, 0.231000, 0.084500, 3.000000, 0.231000, -0.084500, 3.000000, -0.231000, 0.084500, 3.000000, -0.231000, -0.084500, 3.000000, 0.000940, -0.000309, 3.245120, 0.074473, -0.031953, -0.226032, 3.922673, -2.037299, -4.304042, -0.025110, 0.003130, -0.021177, 0.999455, -1.814682, 0.335035, -1.717549, 6.913790, 9.155831, -12.883264
0.050000, 1, 1, 1, 1, 0.231000, 0.084500, 3.000000, 0.231000, -0.084500, 3.000000, -0.231000, 0.084500, 3.000000, -0.231000, -0.084500, 3.000000, 0.001898, -0.000740, 3.242656, 0.118852, -0.055422, -0.265706, 4.953094, -2.656543, -3.630658, -0.033799, 0.005059, -0.029936, 0.998967, -1.614934, 0.417997, -1.772397, 33.013279, 7.158408, 1.870064
0.060000, 1, 1, 1, 1, 0.231000, 0.084500, 3.000000, 0.231000, -0.084500, 3.000000, -0.231000, 0.084500, 3.000000, -0.231000, -0.084500, 3.000000, 0.003351, -0.001438, 3.239829, 0.173535, -0.085083, -0.298646, 5.983516, -3.275786, -2.957274, -0.040846, 0.007384, -0.038577, 0.998393, -1.155033, 0.472890, -1.681178, 58.929343, 3.580018, 16.314304
0.070000, 1, 1, 1, 1, 0.231000, 0.084500, 3.000000, 0.231000, -0.084500, 3.000000, -0.231000, 0.084500, 3.000000, -0.231000, -0.084500, 3.000000, 0.005403, -0.002463, 3.236705, 0.238522, -0.120937, -0.324851, 7.013937, -3.895030, -2.283889, -0.044961, 0.009964, -0.046373, 0.997862, -0.437170, 0.485685, -1.447456, 84.600994, -1.159304, 30.355102
0.080000, 1, 1, 1, 1, 0.231000, 0.084500, 3.000000, 0.231000, -0.084500, 3.000000, -0.231000, 0.084500, 3.000000, -0.231000, -0.084500, 3.000000, 0.008156, -0.003877, 3.233354, 0.313814, -0.162984, -0.344323, 8.044358, -4.514273, -1.610505, -0.044865, 0.012613, -0.052613, 0.997527, 0.536216, 0.448473, -1.075729, 110.044423, -6.255534, 43.900168
0.090000, 1, 1, 0, 1, 0.231000, 0.084500, 3.000000, 0.231000, -0.084500, 3.000000, -0.230996, 0.084502, 3.000000, -0.231000, -0.084500, 3.000000, 0.011714, -0.005743, 3.229841, 0.399410, -0.211223, -0.357062, 9.074779, -5.133517, -0.937121, -0.039291, 0.015146, -0.056607, 0.997508, 1.763303, 0.363283, -0.571406, 135.365717, -10.526470, 56.859311
0.100000, 1, 1, 0, 1, 0.231000, 0.084500, 3.000000, 0.231000, -0.084500, 3.000000, -0.220383, 0.091090, 3.000518, -0.231000, -0.084500, 3.000000, 0.016179, -0.008122, 3.226235, 0.495309, -0.265654, -0.363066, 10.105200, -5.752760, -0.263737, -0.026975, 0.017434, -0.057679, 0.997818, 3.243691, 0.245846, 0.059211, 160.734984, -12.413970, 69.144492
0.110000, 1, 1, 0, 1, 0.231000, 0.084500, 3.000000, 0.231000, -0.084500, 3.000000, -0.194380, 0.107232, 3.001764, -0.231000, -0.084500, 3.000000, 0.021619, -0.011053, 3.222606, 0.590898, -0.319134, -0.361368, 9.012415, -4.943047, 0.603388, -0.007138, 0.019490, -0.055418, 0.998247, 4.687801, 0.143039, 0.662470, 128.124075, -7.850542, 51.602978
0.120000, 1, 1, 0, 1, 0.231000, 0.084500, 3.000000, 0.231000, -0.084500, 3.000000, -0.160502, 0.128264, 3.003340, -0.231000, -0.084500, 3.000000, 0.027960, -0.014478, 3.219037, 0.675558, -0.364515, -0.350998, 7.919625, -4.133268, 1.470572, 0.019067, 0.021480, -0.050426, 0.998315, 5.806638, 0.091229, 1.093583, 95.655141, -2.550792, 34.751785
0.130000, 1, 1, 0, 1, 0.231000, 0.084500, 3.000000, 0.231000, -0.084500, 3.000000, -0.126264, 0.149520, 3.004847, -0.231000, -0.084500, 3.000000, 0.035093, -0.018316, 3.215615, 0.749290, -0.401799, -0.331956, 6.826834, -3.323488, 2.337756, 0.049999, 0.023592, -0.043550, 0.997520, 6.601001, 0.088601, 1.360370, 63.219143, 1.740247, 18.756158
0.140000, 1, 1, 0, 1, 0.231000, 0.084500, 3.000000, 0.231000, -0.084500, 3.000000, -0.099181, 0.166338, 3.005885, -0.231000, -0.084500, 3.000000, 0.042910, -0.022487, 3.212427, 0.812094, -0.430985, -0.304243, 5.734043, -2.513708, 3.204940, 0.084001, 0.025937, -0.035616, 0.995491, 7.071097, 0.118603, 1.471765, 30.808748, 3.820042, 3.674377
0.150000, 1, 1, 0, 1, 0.231000, 0.084500, 3.000000, 0.231000, -0.084500, 3.000000, -0.084634, 0.175381, 3.006109, -0.231000, -0.084500, 3.000000, 0.051299, -0.026909, 3.209559, 0.863971, -0.452073, -0.267858, 4.641253, -1.703928, 4.072124, 0.119417, 0.028495, -0.027425, 0.992056, 7.217499, 0.155373, 1.436754, -1.504064, 3.029206, -10.542017
0.160000, 1, 1, 0, 1, 0.231000, 0.084500, 3.000000, 0.231000, -0.084500, 3.000000, -0.061755, 0.189626, 3.005960, -0.231000, -0.084500, 3.000000, 0.060153, -0.031501, 3.207098, 0.904919, -0.465064, -0.222800, 3.548462, -0.894148, 4.939308, 0.154611, 0.031086, -0.019735, 0.987289, 7.041639, 0.169168, 1.263304, -33.632099, -0.749350, -24.047897
0.170000, 0, 1, 0, 1, 0.233739, 0.084166, 3.000863, 0.231000, -0.084500, 3.000000, -0.029186, 0.209911, 3.005696, -0.231000, -0.084500, 3.000000, 0.069361, -0.036183, 3.205132, 0.934940, -0.469956, -0.169071, 2.455672, -0.084369, 5.806492, 0.187990, 0.033370, -0.013249, 0.981515, 6.545565, 0.131768, 0.957306, -65.552326, -7.095681, -37.104243
0.180000, 0, 1, 0, 1, 0.251805, 0.081960, 3.006490, 0.231000, -0.084500, 3.000000, 0.005576, 0.231565, 3.005394, -0.231000, -0.084500, 3.000000, 0.078815, -0.040874, 3.203746, 0.954033, -0.466751, -0.106671, 1.362881, 0.725411, 6.673676, 0.218018, 0.034868, -0.008607, 0.975284, 5.730939, 0.021801, 0.521507, -97.374265, -15.060655, -50.077982
0.190000, 0, 1, 0, 1, 0.282740, 0.078184, 3.015932, 0.231000, -0.084500, 3.000000, 0.035039, 0.249919, 3.005128, -0.231000, -0.084500, 3.000000, 0.088405, -0.045491, 3.203027, 0.962198, -0.455448, -0.035598, 0.270090, 1.535191, 7.540860, 0.243213, 0.035013, -0.006405, 0.969320, 4.597511, -0.169986, -0.045543, -129.371687, -23.169926, -63.442136
0.200000, 0, 1, 0, 1, 0.321812, 0.073414, 3.027521, 0.231000, -0.084500, 3.000000, 0.051708, 0.260303, 3.004974, -0.231000, -0.084500, 3.000000, 0.098022, -0.049956, 3.203063, 0.959435, -0.436047, 0.044147, -0.822700, 2.344971, 8.408044, 0.262127, 0.033208, -0.007221, 0.964435, 3.141565, -0.435447, -0.750558, -161.952290, -29.415464, -77.776349
0.210000, 0, 1, 1, 1, 0.364286, 0.068228, 3.039584, 0.231000, -0.084500, 3.000000, 0.053133, 0.261191, 3.004961, -0.231000, -0.084500, 3.000000, 0.107560, -0.054170, 3.203896, 0.946521, -0.403834, 0.119553, -1.760043, 4.097827, 6.673153, 0.273723, 0.029017, -0.011501, 0.961302, 1.626062, -0.711999, -1.494559, -141.243742, -25.314060, -71.166881
0.220000, 0, 1, 1, 1, 0.405430, 0.063205, 3.050453, 0.231000, -0.084500, 3.000000, 0.053133, 0.261191, 3.004961, -0.231000, -0.084500, 3.000000, 0.116922, -0.057974, 3.205396, 0.924234, -0.354091, 0.177610, -2.697357, 5.850925, 4.938256, 0.278604, 0.022561, -0.019065, 0.959952, 0.315480, -0.932732, -2.175910, -120.897930, -18.507249, -65.164093
0.230000, 0, 1, 1, 1, 0.440509, 0.058921, 3.058455, 0.231000, -0.084500, 3.000000, 0.053133, 0.261191, 3.004961, -0.231000, -0.084500, 3.000000, 0.126013, -0.061193, 3.207390, 0.892574, -0.286816, 0.218318, -3.634670, 7.604022, 3.203359, 0.277731, 0.014196, -0.029635, 0.960097, -0.791745, -1.077941, -2.798327, -100.509598, -10.434005, -59.309523
0.240000, 0, 1, 1, 1, 0.464791, 0.055956, 3.061920, 0.231000, -0.084500, 3.000000, 0.053133, 0.261191, 3.004961, -0.231000, -0.084500, 3.000000, 0.134742, -0.063652, 3.209704, 0.851540, -0.202010, 0.241677, -4.571984, 9.357119, 1.468462, 0.272023, 0.004357, -0.042972, 0.961321, -1.693488, -1.141422, -3.361290, -79.759148, -2.358071, -53.214376
0.250000, 0, 1, 1, 1, 0.486461, 0.053307, 3.059393, 0.231000, -0.084500, 3.000000, 0.053133, 0.261191, 3.004961, -0.231000, -0.084500, 3.000000, 0.143013, -0.065175, 3.212166, 0.801134, -0.099673, 0.247687, -5.509297, 11.110217, -0.266436, 0.262395, -0.006493, -0.058832, 0.963144, -2.385122, -1.128760, -3.860741, -58.472635, 4.626656, -46.559596
0.260000, 0, 1, 1, 1, 0.519730, 0.049238, 3.051603, 0.231000, -0.084500, 3.000000, 0.053133, 0.261191, 3.004961, -0.231000, -0.084500, 3.000000, 0.150733, -0.065587, 3.214600, 0.741355, 0.020194, 0.236348, -6.446611, 12.863314, -2.001333, 0.249782, -0.017904, -0.076939, 0.965074, -2.861126, -1.055598, -4.289780, -36.647360, 9.605161, -39.096319
0.270000, 0, 1, 1, 1, 0.560029, 0.044309, 3.040352, 0.231000, -0.084500, 3.000000, 0.053133, 0.261191, 3.004961, -0.231000, -0.084500, 3.000000, 0.157809, -0.064712, 3.216835, 0.672202, 0.157593, 0.207660, -7.383925, 14.616411, -3.736230, 0.235160, -0.029475, -0.096961, 0.966659, -3.116804, -0.945761, -4.639371, -14.447172, 11.859767, -30.646492
0.280000, 0, 1, 1, 0, 0.602624, 0.039100, 3.027442, 0.231000, -0.084500, 3.000000, 0.053133, 0.261191, 3.004961, -0.230739, -0.084352, 2.999990, 0.164146, -0.062376, 3.218696, 0.593676, 0.312522, 0.161624, -8.321238, 16.369509, -5.471127, 0.219552, -0.040889, -0.118499, 0.967514, -3.149810, -0.829173, -4.899057, 7.828087, 10.891120, -21.103470
0.290000, 0, 1, 1, 0, 0.642779, 0.034188, 3.014678, 0.231000, -0.084500, 3.000000, 0.053133, 0.261191, 3.004961, -0.217779, -0.077011, 2.999497, 0.169651, -0.058404, 3.220009, 0.505777, 0.484983, 0.098238, -9.258552, 18.122606, -7.206024, 0.204028, -0.051936, -0.141085, 0.967352, -2.961273, -0.739591, -5.057672, 29.793436, 6.434617, -10.432371
0.300000, 0, 1, 1, 0, 0.675761, 0.030153, 3.003863, 0.231000, -0.084500, 3.000000, 0.053133, 0.261191, 3.004961, -0.188966, -0.060729, 2.998421, 0.174230, -0.052618, 3.220603, 0.408505, 0.674975, 0.017503, -10.195865, 19.875703, -8.940922, 0.189697, -0.062535, -0.164192, 0.965994, -2.556332, -0.712212, -5.104060, 51.043077, -1.533503, 1.329906
0.310000, 0, 1, 1, 0, 0.696835, 0.027576, 2.996803, 0.231000, -0.084500, 3.000000, 0.053133, 0.261191, 3.004961, -0.149424, -0.038461, 2.996981, 0.177857, -0.044938, 3.220352, 0.321884, 0.854696, -0.065605, -7.128258, 16.068387, -7.680540, 0.177469, -0.072695, -0.187237, 0.963412, -2.073358, -0.731680, -5.025828, 45.610110, -2.257492, 14.261590
0.320000, 1, 1, 1, 0, 0.701980, 0.026946, 2.995055, 0.231000, -0.084500, 3.000000, 0.053133, 0.261191, 3.004961, -0.104275, -0.013158, 2.995395, 0.180770, -0.035651, 3.219333, 0.265940, 0.996342, -0.136108, -4.060532, 12.260856, -6.420072, 0.167380, -0.082355, -0.209602, 0.959828, -1.642800, -0.755080, -4.819962, 40.575749, -2.298901, 26.853581
0.330000, 1, 1, 1, 0, 0.701980, 0.026946, 2.995055, 0.231000, -0.084500, 3.000000, 0.053133, 0.261191, 3.004961, -0.058641, 0.012226, 2.993884, 0.183278, -0.025138, 3.217671, 0.240673, 1.099913, -0.194006, -0.992807, 8.453326, -5.159604, 0.159263, -0.091419, -0.230690, 0.955542, -1.260218, -0.775061, -4.489934, 36.027613, -1.562812, 39.092926
0.340000, 1, 1, 1, 0, 0.701980, 0.026946, 2.995055, 0.231000, -0.084500, 3.000000, 0.053133, 0.261191, 3.004961, -0.017644, 0.034738, 2.992666, 0.185686, -0.013780, 3.215494, 0.246084, 1.165409, -0.239300, 2.074919, 4.645795, -3.899136, 0.152978, -0.099779, -0.249936, 0.950881, -0.920430, -0.783600, -4.039275, 32.023084, -0.007171, 50.981093
0.350000, 1, 1, 1, 0, 0.701980, 0.026946, 2.995055, 0.231000, -0.084500, 3.000000, 0.053133, 0.261191, 3.004961, 0.013593, 0.051425, 2.991961, 0.188302, -0.001957, 3.212928, 0.282172, 1.192829, -0.271989, 5.142645, 0.838265, -2.638668, 0.148402, -0.107302, -0.266810, 0.946190, -0.617906, -0.772456, -3.471432, 28.571529, 2.372039, 62.533804
0.360000, 1, 1, 1, 0, 0.701980, 0.026946, 2.995055, 0.231000, -0.084500, 3.000000, 0.053133, 0.261191, 3.004961, 0.034639, 0.061641, 2.991896, 0.191432, 0.009950, 3.210097, 0.348937, 1.182174, -0.292073, 8.210370, -2.969266, -1.378200, 0.145435, -0.113830, -0.280811, 0.941826, -0.347328, -0.733477, -2.789620, 25.619163, 5.555561, 73.780819
0.370000, 1, 1, 1, 0, 0.701980, 0.026946, 2.995055, 0.231000, -0.084500, 3.000000, 0.053133, 0.261191, 3.004961, 0.066288, 0.075530, 2.992074, 0.195383, 0.021559, 3.207128, 0.446379, 1.133444, -0.299553, 11.278096, -6.776796, -0.117732, 0.143986, -0.119174, -0.291466, 0.938143, -0.104280, -0.658766, -1.996691, 23.036836, 9.512608, 84.765728
0.380000, 1, 1, 1, 0, 0.701980, 0.026946, 2.995055, 0.231000, -0.084500, 3.000000, 0.053133, 0.261191, 3.004961, 0.107414, 0.092983, 2.992375, 0.200462, 0.032492, 3.204148, 0.574499, 1.046638, -0.294428, 14.345821, -10.584327, 1.142736, 0.143968, -0.123109, -0.298320, 0.935480, 0.113939, -0.540768, -1.094990, 20.610396, 14.206239, 95.545784
0.390000, 1, 1, 1, 0, 0.701980, 0.026946, 2.995055, 0.231000, -0.084500, 3.000000, 0.053133, 0.261191, 3.004961, 0.152923, 0.111978, 2.992746, 0.206975, 0.042365, 3.201282, 0.733295, 0.921757, -0.276698, 17.413547, -14.391857, 2.403204, 0.145282, -0.125377, -0.300922, 0.934141, 0.307436, -0.372342, -0.086223, 18.033199, 19.588893, 106.191826
0.400000, 1, 0, 1, 0, 0.701980, 0.026946, 2.995055, 0.238296, -0.084525, 3.000020, 0.053133, 0.261191, 3.004961, 0.197723, 0.130492, 2.993132, 0.215230, 0.050800, 3.198656, 0.922769, 0.758801, -0.246364, 20.481273, -18.199388, 3.663672, 0.147804, -0.125684, -0.298815, 0.934381, 0.472764, -0.146940, 1.028680, 14.900965, 25.584540, 116.788315
0.410000, 1, 0, 1, 0, 0.701980, 0.026946, 2.995055, 0.265898, -0.084618, 3.000095, 0.053133, 0.261191, 3.004961, 0.236722, 0.146503, 2.993481, 0.225452, 0.057503, 3.196362, 1.118687, 0.584471, -0.213590, 18.702000, -16.667057, 2.890963, 0.151336, -0.123803, -0.291779, 0.936288, 0.596063, 0.106320, 2.079210, 9.631662, 25.076535, 93.331265
0.420000, 1, 0, 1, 0, 0.701980, 0.026946, 2.995055, 0.308413, -0.084761, 3.000209, 0.053133, 0.261191, 3.004961, 0.264829, 0.157988, 2.993738, 0.237544, 0.062540, 3.194358, 1.296809, 0.425460, -0.188544, 16.922565, -15.135070, 2.118067, 0.155510, -0.119888, -0.280587, 0.939529, 0.663328, 0.354075, 2.895634, 3.741724, 24.417377, 69.972512
0.430000, 1, 0, 1, 0, 0.701980, 0.026946, 2.995055, 0.359803, -0.084933, 3.000342, 0.053133, 0.261191, 3.004961, 0.276950, 0.162925, 2.993851, 0.251329, 0.066064, 3.192566, 1.457138, 0.281769, -0.171228, 15.143130, -13.603083, 1.345171, 0.159902, -0.114205, -0.266258, 0.943661, 0.669789, 0.593009, 3.479081, -2.480463, 23.264946, 46.739499
0.440000, 1, 0, 1, 1, 0.701980, 0.026946, 2.995055, 0.414034, -0.085115, 3.000476, 0.053133, 0.261191, 3.004961, 0.277089, 0.162981, 2.993853, 0.266628, 0.068227, 3.190908, 1.599672, 0.153398, -0.161641, 13.363694, -12.071096, 0.572275, 0.164085, -0.107050, -0.249810, 0.948268, 0.613597, 0.816995, 3.830901, -8.739490, 21.403518, 23.649014
0.450000, 1, 0, 1, 1, 0.701980, 0.026946, 2.995055, 0.465069, -0.085284, 3.000591, 0.053133, 0.261191, 3.004961, 0.277089, 0.162981, 2.993853, 0.283263, 0.069183, 3.189307, 1.724412, 0.040347, -0.159783, 11.584259, -10.539109, -0.200621, 0.167651, -0.098756, -0.232273, 0.952990, 0.495839, 1.018456, 3.952558, -14.747702, 18.760088, 0.707078
0.460000, 1, 0, 1, 1, 0.701980, 0.026946, 2.995055, 0.506874, -0.085420, 3.000670, 0.053133, 0.261191, 3.004961, 0.277089, 0.162981, 2.993853, 0.301056, 0.069085, 3.187686, 1.831357, -0.057384, -0.165653, 9.804824, -9.007122, -0.973517, 0.170234, -0.089695, -0.214690, 0.957540, 0.320327, 1.189817, 3.845522, -20.252905, 15.407321, -22.091187
0.470000, 1, 0, 1, 1, 0.701980, 0.026946, 2.995055, 0.533832, -0.085504, 3.000694, 0.053133, 0.261191, 3.004961, 0.277089, 0.162981, 2.993853, 0.319831, 0.068086, 3.185968, 1.920508, -0.139795, -0.179253, 8.025389, -7.475135, -1.746413, 0.171518, -0.080266, -0.198118, 0.961711, 0.093086, 1.324919, 3.511161, -25.069760, 11.553163, -44.761683
0.480000, 1, 0, 1, 1, 0.701980, 0.026946, 2.995055, 0.565212, -0.085592, 3.000681, 0.053133, 0.261191, 3.004961, 0.277089, 0.162981, 2.993853, 0.339407, 0.066340, 3.184076, 1.991865, -0.206887, -0.200582, 6.245953, -5.943148, -2.519309, 0.171247, -0.070886, -0.183629, 0.965365, -0.178453, 1.420273, 2.950626, -29.105568, 7.519678, -67.331411
0.490000, 1, 0, 1, 1, 0.701980, 0.026946, 2.995055, 0.609925, -0.085714, 3.000651, 0.053133, 0.261191, 3.004961, 0.277089, 0.162981, 2.993853, 0.359609, 0.063999, 3.181931, 2.045427, -0.258658, -0.229639, 4.466518, -4.411161, -3.292206, 0.169221, -0.061965, -0.172301, 0.968420, -0.486451, 1.476073, 2.164743, -32.372311, 3.716448, -89.838499
0.500000, 1, 0, 1, 1, 0.701980, 0.026946, 2.995055, 0.662010, -0.085854, 3.000611, 0.053133, 0.261191, 3.004961, 0.277089, 0.162981, 2.993853, 0.380257, 0.061218, 3.179457, 2.081195, -0.295110, -0.266426, 2.687083, -2.879174, -4.065102, 0.165290, -0.053887, -0.165225, 0.970812, -0.823691, 1.496938, 1.153902, -34.978918, 0.615521, -112.332168
0.510000, 1, 0, 0, 1, 0.701980, 0.026946, 2.995055, 0.715506, -0.085996, 3.000568, 0.055285, 0.261230, 3.005079, 0.277089, 0.162981, 2.993853, 0.401157, 0.058149, 3.176642, 2.094201, -0.316146, -0.291258, -0.086054, -1.328343, -0.901250, 0.159446, -0.046950, -0.163196, 0.972491, -1.130202, 1.473933, 0.102489, -26.343087, -5.054273, -98.021521
0.520000, 1, 0, 0, 1, 0.701980, 0.026946, 2.995055, 0.764450, -0.086126, 3.000526, 0.077262, 0.261634, 3.006272, 0.277089, 0.162981, 2.993853, 0.422048, 0.054947, 3.173737, 2.079474, -0.321677, -0.284451, -2.859250, 0.222262, 2.262605, 0.152115, -0.041248, -0.165818, 0.973480, -1.351539, 1.398061, -0.807900, -17.999250, -10.057764, -84.121232
0.530000, 1, 0, 0, 1, 0.701980, 0.026946, 2.995055, 0.802882, -0.086227, 3.000492, 0.117754, 0.262376, 3.008427, 0.277089, 0.162981, 2.993853, 0.442654, 0.051767, 3.171059, 2.037016, -0.311701, -0.246006, -5.632445, 1.772868, 5.426460, 0.143798, -0.036822, -0.172402, 0.973778, -1.492105, 1.273190, -1.581133, -10.228352, -14.933230, -70.578917
0.540000, 1, 0, 0, 1, 0.701980, 0.026946, 2.995055, 0.824841, -0.086285, 3.000472, 0.170269, 0.263338, 3.011146, 0.277089, 0.162981, 2.993853, 0.462696, 0.048764, 3.168923, 1.966825, -0.286219, -0.175922, -8.405641, 3.323473, 8.590315, 0.134956, -0.033715, -0.182270, 0.973359, -1.558697, 1.098443, -2.220396, -3.232795, -20.090365, -57.310839
0.550000, 1, 1, 0, 1, 0.701980, 0.026946, 2.995055, 0.827780, -0.086293, 3.000470, 0.228313, 0.264401, 3.014032, 0.277089, 0.162981, 2.993853, 0.481898, 0.046094, 3.167646, 1.868903, -0.245232, -0.074199, -11.178836, 4.874079, 11.754170, 0.126010, -0.031997, -0.194748, 0.972199, -1.559828, 0.869497, -2.727884, 2.844577, -25.809122, -44.202018
0.560000, 1, 1, 0, 1, 0.701980, 0.026946, 2.995055, 0.827780, -0.086293, 3.000470, 0.285396, 0.265443, 3.016684, 0.277089, 0.162981, 2.993853, 0.499982, 0.043911, 3.167544, 1.743249, -0.188738, 0.059162, -13.952031, 6.424684, 14.918025, 0.117347, -0.031781, -0.209164, 0.970294, -1.505162, 0.579849, -3.104484, 7.917064, -32.247757, -31.106310
0.570000, 1, 1, 0, 1, 0.701980, 0.026946, 2.995055, 0.827780, -0.086293, 3.000470, 0.335023, 0.266346, 3.018706, 0.277089, 0.162981, 2.993853, 0.516670, 0.042371, 3.168934, 1.589862, -0.116738, 0.224161, -16.725227, 7.975290, 18.081880, 0.109318, -0.033223, -0.224848, 0.967672, -1.404924, 0.221962, -3.349466, 11.960974, -39.457243, -17.846443
0.580000, 1, 1, 0, 1, 0.701980, 0.026946, 2.995055, 0.827780, -0.086293, 3.000470, 0.370703, 0.266991, 3.019698, 0.277089, 0.162981, 2.993853, 0.531686, 0.041628, 3.172133, 1.408744, -0.029232, 0.420799, -19.498422, 9.525895, 21.245735, 0.102243, -0.036530, -0.241125, 0.964402, -1.269210, -0.211747, -3.460174, 15.027642, -47.399539, -4.214024
0.590000, 1, 1, 0, 1, 0.701980, 0.026946, 2.995055, 0.827780, -0.086293, 3.000470, 0.398881, 0.267487, 3.016855, 0.277089, 0.162981, 2.993853, 0.544753, 0.041838, 3.177456, 1.199894, 0.073780, 0.649076, -22.271618, 11.076500, 24.409590, 0.096420, -0.041954, -0.257306, 0.960592, -1.107175, -0.728118, -3.431710, 17.256213, -55.966857, 10.030345
0.600000, 1, 1, 0, 1, 0.701980, 0.026946, 2.995055, 0.827780, -0.086293, 3.000470, 0.442950, 0.268252, 3.005858, 0.277089, 0.162981, 2.993853, 0.555592, 0.043156, 3.185220, 0.963312, 0.192298, 0.908991, -25.044813, 12.627106, 27.573445, 0.092135, -0.049784, -0.272682, 0.956388, -0.926100, -1.332636, -3.256631, 18.883731, -64.998558, 25.156592
0.610000, 1, 1, 0, 1, 0.701980, 0.026946, 2.995055, 0.827780, -0.086293, 3.000470, 0.497583, 0.269195, 2.989210, 0.277089, 0.162981, 2.993853, 0.564044, 0.045697, 3.195552, 0.734350, 0.314688, 1.143854, -20.747596, 11.850738, 19.399172, 0.089475, -0.060163, -0.286574, 0.951972, -0.812692, -1.894626, -2.959164, 4.182120, -47.185884, 34.244568
0.620000, 0, 1, 0, 1, 0.701985, 0.026948, 2.995062, 0.827780, -0.086293, 3.000470, 0.556249, 0.270206, 2.969666, 0.277089, 0.162981, 2.993853, 0.570422, 0.049423, 3.207824, 0.548360, 0.429313, 1.296975, -16.450458, 11.074270, 11.224873, 0.087771, -0.072552, -0.298548, 0.947577, -0.834849, -2.272679, -2.574586, -8.242501, -28.273456, 42.484884
0.630000, 0, 1, 0, 1, 0.710081, 0.029266, 3.006877, 0.827780, -0.086293, 3.000470, 0.612420, 0.271172, 2.949982, 0.277089, 0.162981, 2.993853, 0.575155, 0.054257, 3.221219, 0.405341, 0.536173, 1.368352, -12.153321, 10.297802, 3.050573, 0.086231, -0.086191, -0.308267, 0.943455, -0.970483, -2.457797, -2.113867, -18.555444, -8.673296, 49.411497
0.640000, 0, 1, 0, 1, 0.730934, 0.035240, 3.036816, 0.827780, -0.086293, 3.000470, 0.659565, 0.271981, 2.932913, 0.277089, 0.162981, 2.993853, 0.578672, 0.060121, 3.234919, 0.305293, 0.635269, 1.357986, -7.856184, 9.521334, -5.123727, 0.084144, -0.100286, -0.315455, 0.939867, -1.200059, -2.445398, -1.591659, -27.105155, 11.150169, 54.753865
0.650000, 0, 1, 0, 1, 0.760594, 0.043747, 3.078390, 0.827780, -0.086293, 3.000470, 0.691155, 0.272524, 2.921215, 0.277089, 0.162981, 2.993853, 0.581404, 0.066937, 3.248106, 0.248217, 0.726600, 1.265877, -3.559047, 8.744866, -13.298027, 0.080865, -0.114031, -0.319909, 0.937079, -1.508494, -2.235663, -1.024342, -34.433862, 30.713117, 58.437017
0.660000, 0, 1, 1, 1, 0.795112, 0.053662, 3.125111, 0.827780, -0.086293, 3.000470, 0.700904, 0.272691, 2.917551, 0.277089, 0.162981, 2.993853, 0.583780, 0.074627, 3.259964, 0.234112, 0.810166, 1.092026, 0.738090, 7.968398, -21.472326, 0.075800, -0.126630, -0.321490, 0.935341, -1.887108, -1.833602, -0.428077, -41.280450, 49.536655, 60.578849
0.670000, 0, 1, 1, 1, 0.830537, 0.063861, 3.170492, 0.827780, -0.086293, 3.000470, 0.700904, 0.272691, 2.917551, 0.277089, 0.162981, 2.993853, 0.586229, 0.083114, 3.269674, 0.262979, 0.885968, 0.836431, 5.035228, 7.191930, -29.646626, 0.068377, -0.137330, -0.320108, 0.934877, -2.335573, -1.248956, 0.183094, -48.574075, 67.152183, 61.484533
0.680000, 0, 1, 1, 1, 0.862920, 0.073219, 3.208045, 0.827780, -0.086293, 3.000470, 0.700904, 0.272691, 2.917551, 0.277089, 0.162981, 2.993853, 0.589183, 0.092321, 3.276420, 0.334817, 0.954005, 0.499093, 9.332365, 6.415462, -37.820926, 0.058015, -0.145442, -0.315690, 0.935853, -2.863741, -0.496186, 0.799090, -57.418171, 83.076890, 61.639104
0.690000, 0, 1, 1, 1, 0.888310, 0.080613, 3.231282, 0.827780, -0.086293, 3.000470, 0.700904, 0.272691, 2.917551, 0.277089, 0.162981, 2.993853, 0.593069, 0.102168, 3.279384, 0.449626, 1.014277, 0.080012, 13.629502, 5.638994, -45.995225, 0.044082, -0.150371, -0.308133, 0.938349, -3.493261, 0.405094, 1.415547, -69.062996, 96.748976, 61.700364
0.700000, 0, 1, 1, 1, 0.904792, 0.085525, 3.233875, 0.827780, -0.086293, 3.000470, 0.700904, 0.272691, 2.917551, 0.277089, 0.162981, 2.993853, 0.598318, 0.112580, 3.277748, 0.607407, 1.066785, -0.420811, 17.926639, 4.862526, -54.169525, 0.025856, -0.151649, -0.297253, 0.942324, -4.258838, 1.428809, 2.035524, -84.859775, 107.414172, 62.495041
0.710000, 0, 1, 1, 1, 0.928206, 0.092707, 3.215020, 0.827780, -0.086293, 3.000470, 0.700904, 0.272691, 2.917551, 0.277089, 0.162981, 2.993853, 0.605262, 0.123455, 3.271026, 0.778565, 1.104575, -0.904225, 16.304785, 2.695482, -42.513063, 0.002811, -0.149257, -0.282933, 0.947451, -5.047535, 2.314894, 2.562762, -72.733270, 70.042051, 43.326983
0.720000, 0, 1, 1, 1, 0.959574, 0.102414, 3.180687, 0.827780, -0.086293, 3.000470, 0.700904, 0.272691, 2.917551, 0.277089, 0.162981, 2.993853, 0.613836, 0.134599, 3.260052, 0.933503, 1.120694, -1.271073, 14.682783, 0.528357, -30.856569, -0.024344, -0.144419, -0.265768, 0.952847, -5.706086, 2.836986, 2.907382, -58.420045, 34.866668, 25.766443
0.730000, 0, 1, 1, 1, 0.994912, 0.113392, 3.137248, 0.827780, -0.086293, 3.000470, 0.700904, 0.272691, 2.917551, 0.277089, 0.162981, 2.993853, 0.623878, 0.145797, 3.245993, 1.072221, 1.115142, -1.521356, 13.060781, -1.638768, -19.200076, -0.054519, -0.138533, -0.246596, 0.957615, -6.202240, 3.024375, 3.079899, -40.035580, 3.328822, 8.759616
0.740000, 0, 1, 1, 0, 1.030232, 0.124389, 3.091081, 0.827780, -0.086293, 3.000470, 0.700904, 0.272691, 2.917551, 0.281533, 0.162497, 2.991896, 0.635226, 0.156830, 3.230013, 1.194718, 1.087919, -1.655074, 11.438780, -3.805893, -7.543583, -0.086502, -0.132784, -0.226378, 0.961061, -6.490563, 2.919818, 3.082016, -16.814309, -23.346752, -8.403481
0.750000, 0, 1, 1, 0, 1.061550, 0.134156, 3.048558, 0.827780, -0.086293, 3.000470, 0.700904, 0.272691, 2.917551, 0.303522, 0.160103, 2.982340, 0.647718, 0.167483, 3.213280, 1.300996, 1.039024, -1.672228, 9.816778, -5.973018, 4.112911, -0.118944, -0.128085, -0.206225, 0.962766, -6.523063, 2.576352, 2.910029, 11.019821, -44.372173, -26.095438
0.760000, 0, 1, 1, 0, 1.084879, 0.141438, 3.016057, 0.827780, -0.086293, 3.000470, 0.700904, 0.272691, 2.917551, 0.339228, 0.156216, 2.967145, 0.661192, 0.177538, 3.196957, 1.391054, 0.968458, -1.572816, 8.194776, -8.140143, 15.769404, -0.150390, -0.125043, -0.187371, 0.962621, -6.258055, 2.051594, 2.558185, 42.470657, -59.662913, -44.352827
0.770000, 0, 1, 1, 0, 1.096233, 0.144985, 2.999951, 0.827780, -0.086293, 3.000470, 0.700904, 0.272691, 2.917551, 0.383383, 0.151409, 2.948908, 0.675485, 0.186780, 3.182212, 1.464892, 0.876221, -1.356840, 6.572774, -10.307268, 27.425898, -0.179322, -0.123965, -0.171135, 0.960827, -5.666589, 1.399517, 2.022051, 76.031016, -70.062197, -62.875342
0.780000, 1, 1, 1, 0, 1.096734, 0.145142, 2.999234, 0.827780, -0.086293, 3.000470, 0.700904, 0.272691, 2.917551, 0.430723, 0.146255, 2.930228, 0.690436, 0.194991, 3.170209, 1.522509, 0.762313, -1.024298, 4.950772, -12.474392, 39.082391, -0.204225, -0.124906, -0.158852, 0.957840, -4.736351, 0.660462, 1.301881, 109.911351, -77.463189, -81.025736
0.790000, 1, 1, 1, 0, 1.096734, 0.145142, 2.999234, 0.827780, -0.086293, 3.000470, 0.700904, 0.272691, 2.917551, 0.475980, 0.141328, 2.913702, 0.705881, 0.201954, 3.162115, 1.563907, 0.626734, -0.575192, 3.328771, -14.641517, 50.738884, -0.223638, -0.127781, -0.151822, 0.954258, -3.473840, -0.149425, 0.405975, 142.139166, -84.797505, -97.833657
0.800000, 1, 1, 1, 0, 1.096734, 0.145142, 2.999234, 0.827780, -0.086293, 3.000470, 0.700904, 0.272691, 2.917551, 0.513890, 0.137200, 2.901930, 0.721660, 0.207453, 3.159094, 1.589085, 0.469483, -0.009520, 1.706769, -16.808642, 62.395378, -0.236192, -0.132505, -0.151259, 0.950672, -1.906605, -1.047891, -0.646043, 170.432379, -95.870930, -112.007012
0.810000, 1, 1, 1, 0, 1.096734, 0.145142, 2.999234, 0.827780, -0.086293, 3.000470, 0.700904, 0.272691, 2.917551, 0.539189, 0.134446, 2.897507, 0.737610, 0.211341, 3.161943, 1.598361, 0.311524, 0.561667, 0.148344, -14.783063, 51.842039, -0.241084, -0.139002, -0.157768, 0.947453, -0.358246, -1.874920, -1.612797, 138.732717, -70.662015, -81.225136
0.820000, 1, 1, 1, 0, 1.096734, 0.145142, 2.999234, 0.827780, -0.086293, 3.000470, 0.700904, 0.272691, 2.917551, 0.564832, 0.131654, 2.902438, 0.753575, 0.213751, 3.169976, 1.592052, 0.173822, 1.027320, -1.410116, -12.757453, 41.288686, -0.239371, -0.146769, -0.169917, 0.944610, 0.864129, -2.475933, -2.271425, 105.820251, -49.932459, -50.685792
0.830000, 1, 1, 1, 0, 1.096734, 0.145142, 2.999234, 0.827780, -0.086293, 3.000470, 0.700904, 0.272691, 2.917551, 0.602936, 0.127504, 2.915131, 0.769399, 0.214885, 3.182137, 1.570158, 0.056375, 1.387440, -2.968576, -10.731844, 30.735333, -0.232528, -0.155347, -0.185789, 0.941956, 1.764301, -2.875754, -2.632411, 74.724204, -29.904731, -21.894826
0.840000, 1, 1, 1, 0, 1.096734, 0.145142, 2.999234, 0.827780, -0.086293, 3.000470, 0.700904, 0.272691, 2.917551, 0.648245, 0.122571, 2.932820, 0.784926, 0.214946, 3.197373, 1.532680, -0.040815, 1.642027, -4.527036, -8.706234, 20.181979, -0.221941, -0.164303, -0.203547, 0.939316, 2.372080, -3.068143, -2.718134, 47.640186, -8.154978, 4.272769
0.850000, 1, 0, 1, 0, 1.096734, 0.145142, 2.999234, 0.828553, -0.086022, 3.001693, 0.700904, 0.272691, 2.917551, 0.695502, 0.117425, 2.952738, 0.800001, 0.214136, 3.214626, 1.479618, -0.117750, 1.791080, -6.085496, -6.680625, 9.628626, -0.208859, -0.173097, -0.221487, 0.936674, 2.735030, -3.029160, -2.556651, 25.897913, 16.470745, 27.550759
0.860000, 1, 0, 1, 0, 1.096734, 0.145142, 2.999234, 0.843562, -0.080760, 3.025184, 0.700904, 0.272691, 2.917551, 0.739451, 0.112639, 2.972118, 0.814467, 0.212659, 3.232842, 1.410970, -0.174428, 1.834600, -7.643956, -4.655015, -0.924727, -0.194374, -0.181003, -0.238075, 0.934225, 2.908833, -2.728402, -2.175788, 9.750309, 44.177680, 48.245844
0.870000, 1, 0, 1, 0, 1.096734, 0.145142, 2.999234, 0.873826, -0.070152, 3.071699, 0.700904, 0.272691, 2.917551, 0.774835, 0.108786, 2.988191, 0.828168, 0.210715, 3.250966, 1.326738, -0.210850, 1.772586, -9.202416, -2.629406, -11.478080, -0.179411, -0.187088, -0.251959, 0.932377, 2.945344, -2.136336, -1.597592, -1.853724, 74.662632, 67.200858
0.880000, 1, 0, 1, 0, 1.096734, 0.145142, 2.999234, 0.914229, -0.055990, 3.132201, 0.700904, 0.272691, 2.917551, 0.796398, 0.106437, 2.998192, 0.840949, 0.208509, 3.267942, 1.226922, -0.227016, 1.605038, -10.760876, -0.603797, -22.031434, -0.164771, -0.190233, -0.261928, 0.931695, 2.878726, -1.227299, -0.833099, -11.417885, 107.505205, 85.774934
0.890000, 1, 0, 1, 1, 1.096734, 0.145142, 2.999234, 0.959653, -0.040070, 3.197655, 0.700904, 0.272691, 2.917551, 0.800520, 0.105989, 3.000129, 0.852655, 0.206242, 3.282715, 1.111521, -0.222926, 1.331957, -12.319336, 1.421813, -32.584787, -0.151222, -0.189168, -0.266832, 0.932817, 2.710592, 0.020327, 0.122879, -22.949911, 142.308275, 105.860302
0.900000, 1, 0, 1, 1, 1.096734, 0.145142, 2.999234, 1.004983, -0.024185, 3.259023, 0.700904, 0.272691, 2.917551, 0.800520, 0.105989, 3.000129, 0.863128, 0.204118, 3.294230, 0.980535, -0.198580, 0.953342, -13.877796, 3.447422, -43.138140, -0.139637, -0.182537, -0.265434, 0.936337, 2.395051, 1.623234, 1.297378, -41.929871, 178.383548, 129.950827
0.910000, 1, 0, 1, 1, 1.096734, 0.145142, 2.999234, 1.045100, -0.010130, 3.307270, 0.700904, 0.272691, 2.917551, 0.800520, 0.105989, 3.000129, 0.872298, 0.202319, 3.301709, 0.859296, -0.159897, 0.552731, -10.370034, 4.289069, -36.984093, -0.130969, -0.169379, -0.256708, 0.942475, 1.940211, 3.267288, 2.495608, -50.189012, 149.966647, 110.141175
0.920000, 1, 0, 1, 1, 1.096734, 0.145142, 2.999234, 1.074889, 0.000300, 3.333358, 0.700904, 0.272691, 2.917551, 0.800520, 0.105989, 3.000129, 0.880431, 0.200948, 3.305489, 0.773135, -0.112798, 0.213660, -6.862315, 5.130750, -30.830089, -0.125600, -0.150449, -0.241243, 0.950469, 1.378925, 4.612202, 3.505297, -62.190365, 118.457054, 91.872292
0.930000, 1, 0, 1, 1, 1.096734, 0.145142, 2.999234, 1.096194, 0.007746, 3.329027, 0.700904, 0.272691, 2.917551, 0.800520, 0.105989, 3.000129, 0.887877, 0.200091, 3.306187, 0.722050, -0.057282, -0.063871, -3.354596, 5.972431, -24.676085, -0.123803, -0.127097, -0.219994, 0.959230, 0.702596, 5.625307, 4.331325, -72.380122, 83.646599, 73.096049
0.940000, 1, 0, 1, 1, 1.096734, 0.145142, 2.999234, 1.129197, 0.019265, 3.296105, 0.700904, 0.272691, 2.917551, 0.800520, 0.105989, 3.000129, 0.894989, 0.199831, 3.304417, 0.706043, 0.006650, -0.279861, 0.153123, 6.814111, -18.522082, -0.125754, -0.100827, -0.194001, 0.967669, -0.048584, 6.276659, 4.959834, -76.597204, 46.326930, 52.117903
0.950000, 1, 0, 1, 1, 1.096734, 0.145142, 2.999234, 1.171107, 0.033886, 3.243475, 0.700904, 0.272691, 2.917551, 0.800520, 0.105989, 3.000129, 0.902115, 0.200252, 3.300795, 0.725112, 0.079000, -0.434312, 3.660842, 7.655792, -12.368078, -0.131366, -0.073223, -0.164522, 0.974840, -0.800842, 6.549201, 5.362007, -72.322562, 8.229334, 27.653582
0.960000, 1, 0, 1, 1, 1.096734, 0.145142, 2.999234, 1.216826, 0.049833, 3.180166, 0.700904, 0.272691, 2.917551, 0.800520, 0.105989, 3.000129, 0.909608, 0.201439, 3.295936, 0.779259, 0.159766, -0.527223, 7.168561, 8.497473, -6.214074, -0.140200, -0.045852, -0.133105, 0.980064, -1.464042, 6.445904, 5.498596, -58.805964, -28.479787, -1.084265
0.970000, 1, 0, 0, 1, 1.096734, 0.145142, 2.999234, 1.261258, 0.065328, 3.115208, 0.706422, 0.274185, 2.923442, 0.800520, 0.105989, 3.000129, 0.917817, 0.203475, 3.290456, 0.868484, 0.248949, -0.558594, 10.676280, 9.339153, -0.060070, -0.151441, -0.020159, -0.101579, 0.983026, -1.949019, 5.990692, 5.325290, -36.950192, -61.893878, -34.310982
0.980000, 1, 0, 0, 1, 1.096734, 0.145142, 2.999234, 1.299306, 0.078596, 3.057631, 0.723633, 0.278847, 2.941538, 0.800520, 0.105989, 3.000129, 0.927094, 0.206446, 3.284969, 0.992785, 0.346549, -0.528424, 14.183999, 10.180834, 6.093934, -0.163940, 0.002621, -0.072010, 0.983835, -2.182472, 5.222539, 4.798656, -8.948960, -90.998199, -71.633554
0.990000, 1, 0, 0, 1, 1.096734, 0.145142, 2.999234, 1.325872, 0.087859, 3.016463, 0.749117, 0.285757, 2.967730, 0.800520, 0.105989, 3.000129, 0.937790, 0.210434, 3.280092, 1.152164, 0.452566, -0.436715, 17.691718, 11.022515, 12.247938, -0.176307, 0.021495, -0.046619, 0.982996, -2.117474, 4.184369, 3.882213, 22.197430, -116.056247, -112.059196
1.000000, 1, 0, 0, 1, 1.096734, 0.145142, 2.999234, 1.335860, 0.091342, 3.000734, 0.779370, 0.293973, 2.997811, 0.800520, 0.105989, 3.000129, 0.950255, 0.215525, 3.276440, 1.346619, 0.567000, -0.283466, 21.199437, 11.864196, 18.401942, -0.187029, 0.035696, -0.027691, 0.981315, -1.739344, 2.909649, 2.552251, 53.090382, -138.682617, -154.034124
1.010000, 1, 1, 0, 1, 1.096734, 0.145142, 2.999234, 1.335860, 0.091342, 3.000734, 0.810886, 0.302549, 3.027578, 0.800520, 0.105989, 3.000129, 0.964703, 0.221756, 3.274460, 1.535162, 0.676018, -0.118990, 16.509018, 9.939556, 14.493113, -0.194876, 0.044845, -0.016944, 0.979656, -1.216179, 1.629271, 1.111028, 50.385952, -117.896741, -133.659670
1.020000, 1, 1, 0, 1, 1.096734, 0.145142, 2.999234, 1.335860, 0.091342, 3.000734, 0.840159, 0.310544, 3.052825, 0.800520, 0.105989, 3.000129, 0.980801, 0.228981, 3.273930, 1.676800, 0.765791, 0.006397, 11.818598, 8.014963, 10.584326, -0.199847, 0.049544, -0.013767, 0.978477, -0.749903, 0.543222, -0.111886, 42.169790, -99.650501, -110.562207
1.030000, 1, 1, 0, 1, 1.096734, 0.145142, 2.999234, 1.335860, 0.091342, 3.000734, 0.863684, 0.317012, 3.069348, 0.800520, 0.105989, 3.000129, 0.998082, 0.237008, 3.274458, 1.771534, 0.836317, 0.092696, 7.128177, 6.090370, 6.675539, -0.202418, 0.050491, -0.016885, 0.977851, -0.383188, -0.368689, -1.094645, 30.812879, -82.892315, -85.787109
1.040000, 1, 1, 0, 1, 1.096734, 0.145142, 2.999234, 1.335860, 0.091342, 3.000734, 0.878743, 0.321234, 3.073239, 0.800520, 0.105989, 3.000129, 1.016076, 0.245643, 3.275654, 1.819363, 0.887598, 0.139907, 2.437757, 4.165777, 2.766752, -0.203193, 0.048274, -0.024955, 0.977629, -0.138140, -1.116282, -1.824923, 18.094013, -66.640067, -60.194292
1.050000, 1, 1, 0, 1, 1.096734, 0.145142, 2.999234, 1.335860, 0.091342, 3.000734, 0.898248, 0.326884, 3.068128, 0.800520, 0.105989, 3.000129, 1.034313, 0.254696, 3.277126, 1.820289, 0.919633, 0.148031, -2.252664, 2.241185, -1.142035, -0.202833, 0.043427, -0.036597, 0.977565, -0.021294, -1.700686, -2.298089, 5.368007, -50.157341, -34.463046
1.060000, 1, 1, 0, 1, 1.096734, 0.145142, 2.999234, 1.335860, 0.091342, 3.000734, 0.925232, 0.334778, 3.057913, 0.800520, 0.105989, 3.000129, 1.052325, 0.263972, 3.278484, 1.774310, 0.932422, 0.117067, -6.943084, 0.316592, -5.050822, -0.201998, 0.036481, -0.050413, 0.977407, -0.027418, -2.117234, -2.515417, -6.360930, -33.026992, -9.095815
1.070000, 1, 1, 0, 1, 1.096734, 0.145142, 2.999234, 1.335860, 0.091342, 3.000734, 0.956178, 0.343870, 3.044587, 0.800520, 0.105989, 3.000129, 1.069643, 0.273280, 3.279337, 1.681427, 0.925965, 0.047015, -11.633505, -1.608001, -8.959609, -0.201314, 0.027990, -0.065006, 0.976966, -0.142961, -2.358726, -2.482325, -16.437389, -15.156187, 15.581341
1.080000, 0, 1, 0, 1, 1.099517, 0.146449, 3.000190, 1.335860, 0.091342, 3.000734, 0.987567, 0.353115, 3.030145, 0.800520, 0.105989, 3.000129, 1.085797, 0.282427, 3.279294, 1.541640, 0.900262, -0.062125, -16.323925, -3.532594, -12.868396, -0.201340, 0.018543, -0.078997, 0.976155, -0.349719, -2.418493, -2.206603, -24.594608, 3.266795, 39.420481
1.090000, 0, 1, 0, 1, 1.118853, 0.155536, 3.006753, 1.335860, 0.091342, 3.000734, 1.015883, 0.361469, 3.016580, 0.800520, 0.105989, 3.000129, 1.100319, 0.291221, 3.277964, 1.354949, 0.855313, -0.210353, -21.014346, -5.457186, -16.777183, -0.202554, 0.008758, -0.091036, 0.974991, -0.628981, -2.292861, -1.696622, -31.006115, 21.844172, 62.453559
1.100000, 0, 1, 0, 1, 1.152268, 0.171238, 3.017870, 1.335860, 0.091342, 3.000734, 1.037608, 0.367885, 3.005887, 0.800520, 0.105989, 3.000129, 1.112740, 0.299469, 3.274957, 1.121353, 0.791118, -0.397669, -25.704766, -7.381779, -20.685970, -0.205359, -0.000740, -0.099805, 0.973584, -0.966141, -1.982866, -0.959532, -36.323931, 40.041979, 84.892590
1.110000, 0, 1, 0, 1, 1.194615, 0.191137, 3.031563, 1.335860, 0.091342, 3.000734, 1.049225, 0.371318, 3.000060, 0.800520, 0.105989, 3.000129, 1.122744, 0.307020, 3.270026, 0.886932, 0.720018, -0.580355, -21.179513, -6.838212, -15.851119, -0.209949, -0.009421, -0.104356, 0.972081, -1.274221, -1.589722, -0.188314, -25.498878, 38.466712, 69.499643
1.120000, 0, 1, 1, 1, 1.240752, 0.212817, 3.045855, 1.335860, 0.091342, 3.000734, 1.050258, 0.371624, 2.999536, 0.800520, 0.105989, 3.000129, 1.130629, 0.313888, 3.263511, 0.697763, 0.654354, -0.714691, -16.654241, -6.294691, -11.016213, -0.215930, -0.017096, -0.105099, 0.970585, -1.479835, -1.214902, 0.433158, -15.788003, 36.474031, 54.915679
1.130000, 0, 1, 1, 1, 1.285532, 0.233858, 3.058767, 1.335860, 0.091342, 3.000734, 1.050258, 0.371624, 2.999536, 0.800520, 0.105989, 3.000129, 1.136850, 0.320126, 3.255894, 0.553847, 0.594124, -0.800679, -12.128969, -5.751169, -6.181308, -0.222805, -0.023675, -0.102758, 0.969143, -1.592828, -0.859975, 0.912135, -6.931799, 34.556031, 40.972025
1.140000, 0, 1, 1, 1, 1.323810, 0.251844, 3.068320, 1.335860, 0.091342, 3.000734, 1.050258, 0.371624, 2.999536, 0.800520, 0.105989, 3.000129, 1.141857, 0.325788, 3.247658, 0.455183, 0.539330, -0.838318, -7.603696, -5.207648, -1.346403, -0.230125, -0.029067, -0.098025, 0.967775, -1.620485, -0.522412, 1.254150, 1.319329, 33.044049, 27.493674
1.150000, 0, 1, 1, 1, 1.350442, 0.264355, 3.072538, 1.335860, 0.091342, 3.000734, 1.050258, 0.371624, 2.999536, 0.800520, 0.105989, 3.000129, 1.146104, 0.330930, 3.239288, 0.401773, 0.489971, -0.827607, -3.078424, -4.664126, 3.488502, -0.237479, -0.033165, -0.091571, 0.966498, -1.567692, -0.197086, 1.462957, 9.194771, 32.130366, 14.299649
1.160000, 0, 1, 1, 1, 1.373756, 0.275304, 3.069919, 1.335860, 0.091342, 3.000734, 1.050258, 0.371624, 2.999536, 0.800520, 0.105989, 3.000129, 1.150044, 0.335606, 3.231267, 0.393615, 0.446048, -0.768548, 1.446848, -4.120605, 8.323407, -0.244487, -0.035831, -0.084049, 0.965338, -1.437136, 0.122430, 1.540468, 16.905881, 31.883556, 1.202910
1.170000, 0, 1, 1, 1, 1.409670, 0.292168, 3.061550, 1.335860, 0.091342, 3.000734, 1.050258, 0.371624, 2.999536, 0.800520, 0.105989, 3.000129, 1.154127, 0.339869, 3.224079, 0.430710, 0.407559, -0.661139, 5.972120, -3.577083, 13.158312, -0.250784, -0.036895, -0.076099, 0.964342, -1.229449, 0.442667, 1.486695, 24.654619, 32.257542, -11.990067
1.180000, 0, 1, 1, 1, 1.453298, 0.312652, 3.049389, 1.335860, 0.091342, 3.000734, 1.050258, 0.371624, 2.999536, 0.800520, 0.105989, 3.000129, 1.158809, 0.343775, 3.218206, 0.513057, 0.374506, -0.505381, 10.497393, -3.033562, 17.993217, -0.256012, -0.036153, -0.068362, 0.963575, -0.943244, 0.769137, 1.299678, 32.643564, 33.094545, -25.479932
1.190000, 0, 1, 1, 0, 1.499506, 0.334347, 3.035394, 1.335860, 0.091342, 3.000734, 1.050258, 0.371624, 2.999536, 0.800718, 0.106072, 3.000176, 1.164539, 0.347378, 3.214132, 0.640658, 0.346888, -0.301275, 15.022665, -2.490040, 22.828122, -0.259804, -0.033375, -0.061484, 0.963124, -0.575078, 1.105206, 0.975413, 41.082623, 34.121959, -39.475136
1.200000, 0, 1, 1, 0, 1.543158, 0.354842, 3.021521, 1.335860, 0.091342, 3.000734, 1.050258, 0.371624, 2.999536, 0.812935, 0.111233, 3.003040, 1.171773, 0.350731, 3.212341, 0.813511, 0.324705, -0.048819, 19.547937, -1.946519, 27.663028, -0.261768, -0.028312, -0.056131, 0.963081, -0.119371, 1.450904, 0.507769, 50.187805, 34.943112, -54.192444
1.210000, 0, 1, 1, 0, 1.579120, 0.371726, 3.009730, 1.335860, 0.091342, 3.000734, 1.050258, 0.371624, 2.999536, 0.840576, 0.122909, 3.009410, 1.180871, 0.353885, 3.213144, 1.004839, 0.306398, 0.200026, 18.717718, -1.715054, 22.105967, -0.261577, -0.020820, -0.052817, 0.963511, 0.359456, 1.774469, 0.009218, 45.640085, 29.637790, -45.562155
1.220000, 0, 1, 1, 0, 1.602257, 0.382588, 3.001977, 1.335860, 0.091342, 3.000734, 1.050258, 0.371624, 2.999536, 0.878689, 0.139008, 3.017977, 1.191842, 0.356867, 3.216157, 1.187865, 0.290404, 0.393300, 17.887551, -1.483630, 16.548956, -0.259292, -0.011184, -0.051355, 0.964368, 0.794132, 2.041593, -0.404019, 41.304616, 23.710406, -37.096401
1.230000, 1, 1, 1, 0, 1.608104, 0.385333, 2.999990, 1.335860, 0.091342, 3.000734, 1.050258, 0.371624, 2.999536, 0.922319, 0.157439, 3.027433, 1.204601, 0.359700, 3.220824, 1.362590, 0.276725, 0.531005, 17.057384, -1.252206, 10.991945, -0.255064, 0.000183, -0.051392, 0.965557, 1.185291, 2.247635, -0.732638, 36.894437, 17.468805, -28.609816
1.240000, 1, 1, 1, 0, 1.608104, 0.385333, 2.999990, 1.335860, 0.091342, 3.000734, 1.050258, 0.371624, 2.999536, 0.966515, 0.176108, 3.036470, 1.219066, 0.362409, 3.226591, 1.529013, 0.265360, 0.613139, 16.227217, -1.020782, 5.434934, -0.249058, 0.012853, -0.052577, 0.966975, 1.531048, 2.390794, -0.975616, 32.194949, 11.173202, -19.944223
1.250000, 1, 1, 1, 0, 1.608104, 0.385333, 2.999990, 1.335860, 0.091342, 3.000734, 1.050258, 0.371624, 2.999536, 1.006321, 0.192923, 3.043779, 1.235153, 0.365015, 3.232902, 1.687134, 0.256309, 0.639704, 15.397049, -0.789358, -0.122077, -0.241458, 0.026393, -0.054553, 0.968517, 1.827769, 2.471639, -1.130488, 27.071893, 5.037677, -10.969437
1.260000, 1, 1, 1, 0, 1.608104, 0.385333, 2.999990, 1.335860, 0.091342, 3.000734, 1.050258, 0.371624, 2.999536, 1.036786, 0.205792, 3.048054, 1.252781, 0.367543, 3.239200, 1.836954, 0.249573, 0.610698, 14.566882, -0.557935, -5.679088, -0.232485, 0.040377, -0.056948, 0.970091, 2.070885, 2.492633, -1.193633, 21.471294, -0.774000, -1.584307
1.270000, 1, 1, 1, 0, 1.608104, 0.385333, 2.999990, 1.335860, 0.091342, 3.000734, 1.050258, 0.371624, 2.999536, 1.057194, 0.214413, 3.048039, 1.271865, 0.370014, 3.244931, 1.978472, 0.245151, 0.526122, 13.736715, -0.326511, -11.236099, -0.222400, 0.054393, -0.059366, 0.971625, 2.255663, 2.457600, -1.160566, 15.413240, -6.155320, 8.282304
1.280000, 1, 1, 1, 0, 1.608104, 0.385333, 2.999990, 1.335860, 0.091342, 3.000734, 1.050258, 0.371624, 2.999536, 1.087728, 0.227311, 3.043740, 1.292323, 0.372454, 3.249538, 2.111688, 0.243043, 0.385976, 12.906548, -0.095087, -16.793110, -0.211504, 0.068049, -0.061387, 0.973071, 2.377899, 2.371110, -1.026244, 8.981552, -11.063956, 18.670876
1.290000, 1, 1, 1, 0, 1.608104, 0.385333, 2.999990, 1.335860, 0.091342, 3.000734, 1.050258, 0.371624, 2.999536, 1.127572, 0.244142, 3.036411, 1.314071, 0.374883, 3.252465, 2.236603, 0.243249, 0.190260, 12.076381, 0.136337, -22.350121, -0.200138, 0.080979, -0.062566, 0.974409, 2.434496, 2.237816, -0.785373, 2.311726, -15.526393, 29.591115
1.300000, 1, 1, 1, 0, 1.608104, 0.385333, 2.999990, 1.335860, 0.091342, 3.000734, 1.050258, 0.371624, 2.999536, 1.171775, 0.262815, 3.027361, 1.337027, 0.377326, 3.253157, 2.353216, 0.245769, -0.061027, 11.246213, 0.367761, -27.907132, -0.188675, 0.092841, -0.062428, 0.975646, 2.423923, 2.061757, -0.432715, -4.420313, -19.638685, 41.022428
1.310000, 1, 0, 1, 0, 1.608104, 0.385333, 2.999990, 1.341027, 0.093926, 3.000710, 1.050258, 0.371624, 2.999536, 1.215383, 0.281236, 3.017900, 1.361022, 0.379792, 3.251255, 2.435804, 0.246438, -0.309139, 5.271455, -0.234036, -21.715390, -0.177462, 0.103383, -0.060626, 0.976803, 2.366294, 1.863512, -0.060573, -7.026704, -20.058279, 33.427775
1.320000, 1, 0, 1, 0, 1.608104, 0.385333, 2.999990, 1.361240, 0.104036, 3.000616, 1.050258, 0.371624, 2.999536, 1.253444, 0.297314, 3.009336, 1.385544, 0.382235, 3.247181, 2.458645, 0.241089, -0.495334, -0.703294, -0.835877, -15.523611, -0.166662, 0.112603, -0.057392, 0.977881, 2.284889, 1.659588, 0.236238, -9.183283, -20.778055, 25.952297
1.330000, 1, 0, 1, 0, 1.608104, 0.385333, 2.999990, 1.392586, 0.119710, 3.000474, 1.050258, 0.371624, 2.999536, 1.281006, 0.308957, 3.002979, 1.409996, 0.384594, 3.241555, 2.421738, 0.229721, -0.619612, -6.678043, -1.437719, -9.331832, -0.156362, 0.120540, -0.053103, 0.978878, 2.183967, 1.446918, 0.458788, -10.938494, -21.806947, 18.571355
1.340000, 1, 0, 1, 0, 1.608104, 0.385333, 2.999990, 1.430595, 0.138711, 3.000306, 1.050258, 0.371624, 2.999536, 1.293114, 0.314072, 3.000138, 1.433779, 0.386809, 3.234995, 2.325084, 0.212334, -0.681971, -12.652792, -2.039560, -3.140053, -0.146621, 0.127212, -0.048131, 0.979797, 2.067268, 1.222459, 0.607892, -12.349276, -23.132105, 11.258464
1.350000, 1, 0, 1, 1, 1.608104, 0.385333, 2.999990, 1.470797, 0.158801, 3.000138, 1.050258, 0.371624, 2.999536, 1.293295, 0.314148, 3.000095, 1.456298, 0.388821, 3.228122, 2.168682, 0.188930, -0.682413, -18.627541, -2.641401, 3.051726, -0.137477, 0.132617, -0.042848, 0.980651, 1.937904, 0.983385, 0.684091, -13.484020, -24.724007, 3.985390
1.360000, 1, 0, 1, 1, 1.608104, 0.385333, 2.999990, 1.508724, 0.177743, 2.999991, 1.050258, 0.371624, 2.999536, 1.293295, 0.314148, 3.000095, 1.476954, 0.390568, 3.221553, 1.952533, 0.159506, -0.620936, -24.602290, -3.243243, 9.243505, -0.128949, 0.136735, -0.037623, 0.981458, 1.798234, 0.727228, 0.687633, -14.425364, -26.540916, -3.277844
1.370000, 1, 0, 1, 1, 1.608104, 0.385333, 2.999990, 1.539905, 0.193298, 2.999891, 1.050258, 0.371624, 2.999536, 1.293295, 0.314148, 3.000095, 1.495150, 0.391991, 3.215909, 1.676636, 0.124065, -0.497543, -30.577039, -3.845084, 15.435284, -0.121042, 0.139529, -0.032825, 0.982244, 1.649713, 0.451985, 0.618461, -15.272421, -28.532323, -10.563053
1.380000, 1, 0, 1, 1, 1.608104, 0.385333, 2.999990, 1.560110, 0.203348, 2.999859, 1.050258, 0.371624, 2.999536, 1.293295, 0.314148, 3.000095, 1.510288, 0.393029, 3.211809, 1.340992, 0.082605, -0.312231, -36.551788, -4.446925, 21.627063, -0.113755, 0.140949, -0.028822, 0.983037, 1.492712, 0.156190, 0.476186, -16.142161, -30.640931, -17.904083
1.390000, 1, 0, 1, 1, 1.608104, 0.385333, 2.999990, 1.583297, 0.214803, 2.999866, 1.050258, 0.371624, 2.999536, 1.293295, 0.314148, 3.000095, 1.521770, 0.393623, 3.209871, 0.945601, 0.035126, -0.065001, -42.526537, -5.048766, 27.818842, -0.107084, 0.140931, -0.025987, 0.983868, 1.326345, -0.161012, 0.260073, -17.169752, -32.802744, -25.337106
1.400000, 1, 0, 1, 1, 1.608104, 0.385333, 2.999990, 1.616548, 0.231194, 2.999883, 1.050258, 0.371624, 2.999536, 1.293295, 0.314148, 3.000095, 1.529000, 0.393711, 3.210715, 0.490461, -0.018371, 0.244146, -48.501287, -5.650608, 34.010621, -0.101033, 0.139406, -0.024693, 0.984758, 1.148284, -0.499800, -0.030992, -18.507699, -34.944779, -32.900989
1.410000, 1, 0, 1, 1, 1.608104, 0.385333, 2.999990, 1.655404, 0.250330, 2.999906, 1.050258, 0.371624, 2.999536, 1.293295, 0.314148, 3.000095, 1.531621, 0.393259, 3.214759, 0.047661, -0.070725, 0.554736, -40.058759, -4.820364, 28.107317, -0.095563, 0.136297, -0.025215, 0.985726, 0.997046, -0.855709, -0.337883, -11.796144, -36.195586, -28.479223
1.420000, 1, 0, 0, 1, 1.608104, 0.385333, 2.999990, 1.695406, 0.270019, 2.999931, 1.051838, 0.372353, 2.999546, 1.293295, 0.314148, 3.000095, 1.530235, 0.392325, 3.221613, -0.310714, -0.114778, 0.806292, -31.616240, -3.990153, 22.204059, -0.090431, 0.131518, -0.027393, 0.986800, 0.911411, -1.223163, -0.600365, -5.369636, -37.280327, -23.994064
1.430000, 1, 0, 0, 1, 1.608104, 0.385333, 2.999990, 1.732093, 0.288070, 2.999955, 1.069177, 0.380360, 2.999654, 1.293295, 0.314148, 3.000095, 1.525688, 0.390991, 3.230688, -0.584663, -0.150528, 0.998817, -23.173722, -3.159942, 16.300801, -0.085350, 0.124993, -0.030956, 0.987995, 0.889058, -1.601225, -0.817042, 0.878244, -38.336586, -19.292258
1.440000, 1, 0, 0, 1, 1.608104, 0.385333, 2.999990, 1.761005, 0.302293, 2.999974, 1.101483, 0.395278, 2.999851, 1.293295, 0.314148, 3.000095, 1.518823, 0.389342, 3.241393, -0.774188, -0.177977, 1.132308, -14.731204, -2.329731, 10.397543, -0.080037, 0.116646, -0.035626, 0.989302, 0.928727, -1.990125, -0.984965, 7.051349, -39.460516, -14.216684
1.450000, 1, 0, 0, 1, 1.608104, 0.385333, 2.999990, 1.777684, 0.310496, 2.999985, 1.143540, 0.414698, 3.000102, 1.293295, 0.314148, 3.000095, 1.510485, 0.387459, 3.253137, -0.879288, -0.197123, 1.206768, -6.288685, -1.499520, 4.494285, -0.074210, 0.106398, -0.041109, 0.990698, 1.030156, -2.390855, -1.099592, 13.245295, -40.708886, -8.605762
1.460000, 1, 1, 0, 1, 1.608104, 0.385333, 2.999990, 1.780042, 0.311656, 2.999987, 1.190132, 0.436210, 3.000368, 1.293295, 0.314148, 3.000095, 1.501519, 0.385427, 3.265331, -0.899962, -0.207967, 1.222194, 2.153833, -0.669310, -1.408973, -0.067581, 0.094172, -0.047087, 0.992143, 1.193982, -2.804780, -1.154742, 19.543236, -42.099249, -2.293337
1.470000, 1, 1, 0, 1, 1.608104, 0.385333, 2.999990, 1.780042, 0.311656, 2.999987, 1.236043, 0.457404, 3.000613, 1.293295, 0.314148, 3.000095, 1.492768, 0.383328, 3.277384, -0.836211, -0.210509, 1.178588, 10.596351, 0.160901, -7.312230, -0.059854, 0.079887, -0.053214, 0.993581, 1.421594, -3.233241, -1.142553, 26.012450, -43.608471, 4.890773
1.480000, 1, 1, 0, 1, 1.608104, 0.385333, 2.999990, 1.780042, 0.311656, 2.999987, 1.276058, 0.475873, 3.000801, 1.293295, 0.314148, 3.000095, 1.485076, 0.381244, 3.288706, -0.688035, -0.204749, 1.075950, 19.038870, 0.991112, -13.215488, -0.050716, 0.063462, -0.059103, 0.994941, 1.714965, -3.677130, -1.053445, 32.701092, -45.170044, 13.119353
1.490000, 1, 1, 0, 1, 1.608104, 0.385333, 2.999990, 1.780042, 0.311656, 2.999987, 1.304960, 0.489206, 3.000895, 1.293295, 0.314148, 3.000095, 1.479288, 0.379260, 3.298707, -0.455434, -0.190687, 0.914278, 27.481388, 1.821323, -19.118746, -0.039835, 0.044827, -0.064319, 0.996126, 2.076435, -4.136445, -0.876108, 39.634452, -46.670868, 22.565288
1.500000, 1, 1, 0, 1, 1.608104, 0.385333, 2.999990, 1.780042, 0.311656, 2.999987, 1.327440, 0.499560, 3.000880, 1.293295, 0.314148, 3.000095, 1.476249, 0.377458, 3.306795, -0.138407, -0.168323, 0.693575, 35.923906, 2.651534, -25.022004, -0.026856, 0.023928, -0.068374, 0.997011, 2.508465, -4.609808, -0.597517, 46.809986, -47.948391, 33.397740
1.510000, 1, 1, 0, 1, 1.608104, 0.385333, 2.999990, 1.780042, 0.311656, 2.999987, 1.362608, 0.515744, 3.000806, 1.293295, 0.314148, 3.000095, 1.476580, 0.375912, 3.312528, 0.196542, -0.140544, 0.457752, 31.065878, 2.904141, -22.142532, -0.011573, 0.000886, -0.070790, 0.997424, 2.914825, -5.001124, -0.247163, 34.437923, -30.249338, 36.331372
1.520000, 1, 1, 0, 1, 1.608104, 0.385333, 2.999990, 1.780042, 0.311656, 2.999987, 1.406345, 0.535864, 3.000693, 1.293295, 0.314148, 3.000095, 1.480018, 0.374656, 3.316046, 0.482911, -0.110240, 0.250724, 26.207825, 3.156694, -19.263033, 0.005542, -0.023563, -0.071361, 0.997157, 3.196654, -5.213855, 0.121386, 21.900281, -12.267857, 36.956029
1.530000, 0, 1, 0, 1, 1.608104, 0.385333, 2.999990, 1.780042, 0.311656, 2.999987, 1.453411, 0.557512, 3.000560, 1.293295, 0.314148, 3.000095, 1.486076, 0.373716, 3.317638, 0.720698, -0.077410, 0.072491, 21.349773, 3.409247, -16.383535, 0.023830, -0.048512, -0.070057, 0.996078, 3.352424, -5.246250, 0.483039, 9.243660, 5.783827, 34.913685
1.540000, 0, 1, 0, 1, 1.612894, 0.387191, 3.008957, 1.780042, 0.311656, 2.999987, 1.498567, 0.578280, 3.000426, 1.293295, 0.314148, 3.000095, 1.494270, 0.373116, 3.317592, 0.909906, -0.042055, -0.076947, 16.491720, 3.661800, -13.504036, 0.042619, -0.073054, -0.066987, 0.994163, 3.381587, -5.098573, 0.810406, -3.394265, 23.718414, 30.103567
1.550000, 0, 1, 0, 1, 1.625527, 0.392090, 3.032231, 1.780042, 0.311656, 2.999987, 1.536575, 0.595759, 3.000309, 1.293295, 0.314148, 3.000095, 1.504112, 0.372883, 3.316195, 1.050533, -0.004174, -0.197590, 11.633667, 3.914352, -10.624537, 0.061229, -0.096298, -0.062406, 0.991505, 3.285132, -4.772768, 1.076374, -15.855893, 41.389110, 22.680751
1.560000, 0, 1, 0, 1, 1.643582, 0.399089, 3.064725, 1.780042, 0.311656, 2.999987, 1.562194, 0.607540, 3.000228, 1.293295, 0.314148, 3.000095, 1.515118, 0.373041, 3.313736, 1.142579, 0.036232, -0.289437, 6.775615, 4.166905, -7.745039, 0.078980, -0.117391, -0.056707, 0.988315, 3.065428, -4.271989, 1.256610, -28.033628, 58.702348, 13.041994
1.570000, 0, 1, 1, 1, 1.664640, 0.407248, 3.101347, 1.780042, 0.311656, 2.999987, 1.570332, 0.611282, 3.000202, 1.293295, 0.314148, 3.000095, 1.526802, 0.373616, 3.310503, 1.186045, 0.079164, -0.352490, 1.917562, 4.419458, -4.865540, 0.095200, -0.135530, -0.050397, 0.984900, 2.725422, -3.600032, 1.331858, -39.927681, 75.624189, 1.802796
1.580000, 0, 1, 1, 1, 1.686280, 0.415625, 3.137010, 1.780042, 0.311656, 2.999987, 1.570332, 0.611282, 3.000202, 1.293295, 0.314148, 3.000095, 1.538677, 0.374633, 3.306782, 1.180931, 0.124621, -0.386748, -2.940491, 4.672011, -1.986042, 0.109222, -0.149965, -0.044062, 0.981651, 2.267358, -2.760734, 1.290012, -51.681807, 92.179207, -10.226613
1.590000, 0, 1, 1, 1, 1.706082, 0.423279, 3.166623, 1.780042, 0.311656, 2.999987, 1.570332, 0.611282, 3.000202, 1.293295, 0.314148, 3.000095, 1.550259, 0.376117, 3.302864, 1.127235, 0.172604, -0.392211, -7.798543, 4.924563, 0.893457, 0.120389, -0.159994, -0.038328, 0.978999, 1.691291, -1.757423, 1.127970, -63.588376, 108.442905, -22.056674
1.600000, 0, 1, 1, 1, 1.721626, 0.429271, 3.185098, 1.780042, 0.311656, 2.999987, 1.570332, 0.611282, 3.000202, 1.293295, 0.314148, 3.000095, 1.561060, 0.378093, 3.299034, 1.024960, 0.223113, -0.368879, -12.656596, 5.177116, 3.772956, 0.128035, -0.164941, -0.033804, 0.977374, 0.993728, -0.592466, 0.853425, -76.055028, 124.530279, -32.515896
1.610000, 0, 1, 1, 1, 1.731607, 0.433084, 3.187432, 1.780042, 0.311656, 2.999987, 1.570332, 0.611282, 3.000202, 1.293295, 0.314148, 3.000095, 1.570701, 0.380584, 3.295502, 0.905622, 0.275204, -0.340690, -11.210970, 5.241180, 1.864854, 0.131665, -0.164404, -0.031004, 0.977074, 0.276307, 0.558083, 0.495229, -67.490845, 105.636931, -38.663438
1.620000, 0, 1, 1, 1, 1.745496, 0.438326, 3.172652, 1.780042, 0.311656, 2.999987, 1.570332, 0.611282, 3.000202, 1.293295, 0.314148, 3.000095, 1.579221, 0.383599, 3.292157, 0.800740, 0.327936, -0.331582, -9.765376, 5.305195, -0.043213, 0.131514, -0.159059, -0.030224, 0.978003, -0.356132, 1.521660, 0.087300, -58.944767, 87.157480, -42.660527
1.630000, 0, 1, 1, 1, 1.764126, 0.445331, 3.145425, 1.780042, 0.311656, 2.999987, 1.570332, 0.611282, 3.000202, 1.293295, 0.314148, 3.000095, 1.586764, 0.387145, 3.288807, 0.710314, 0.381308, -0.341555, -8.319782, 5.369211, -1.951281, 0.128005, -0.149808, -0.031628, 0.979884, -0.900657, 2.302941, -0.354453, -49.827137, 69.188051, -45.592624
1.640000, 0, 1, 1, 1, 1.785133, 0.453216, 3.110840, 1.780042, 0.311656, 2.999987, 1.570332, 0.611282, 3.000202, 1.293295, 0.314148, 3.000095, 1.593475, 0.391228, 3.285262, 0.634345, 0.435320, -0.370608, -6.874188, 5.433226, -3.859348, 0.121587, -0.137512, -0.035330, 0.982374, -1.349549, 2.907203, -0.824010, -39.781160, 51.750445, -48.356208
1.650000, 0, 1, 1, 0, 1.806156, 0.461098, 3.073985, 1.780042, 0.311656, 2.999987, 1.570332, 0.611282, 3.000202, 1.294170, 0.316506, 3.000275, 1.599499, 0.395854, 3.281331, 0.572831, 0.489973, -0.418741, -5.428594, 5.497242, -5.767415, 0.112764, -0.122999, -0.041442, 0.985108, -1.692891, 3.339510, -1.323444, -28.728034, 34.777417, -51.674166
1.660000, 0, 1, 1, 0, 1.824832, 0.468096, 3.039948, 1.780042, 0.311656, 2.999987, 1.570332, 0.611282, 3.000202, 1.298686, 0.328666, 3.001191, 1.604980, 0.401029, 3.276824, 0.525773, 0.545265, -0.485956, -3.983000, 5.561257, -7.675483, 0.102096, -0.107074, -0.050107, 0.987725, -1.921427, 3.603745, -1.861191, -16.879476, 18.098775, -56.095310
1.670000, 0, 1, 1, 0, 1.838797, 0.473326, 3.013818, 1.780042, 0.311656, 2.999987, 1.570332, 0.611282, 3.000202, 1.306077, 0.348567, 3.002660, 1.610063, 0.406761, 3.271548, 0.493171, 0.601198, -0.572251, -2.537406, 5.625273, -9.583550, 0.090200, -0.090530, -0.061525, 0.989890, -2.029442, 3.701563, -2.450264, -4.728095, 1.440625, -61.983905
1.680000, 0, 1, 1, 0, 1.845689, 0.475907, 3.000684, 1.780042, 0.311656, 2.999987, 1.570332, 0.611282, 3.000202, 1.315246, 0.373258, 3.004428, 1.614892, 0.413055, 3.265315, 0.475025, 0.657771, -0.677627, -1.091812, 5.689288, -11.491617, 0.077733, -0.074155, -0.075966, 0.991306, -2.017460, 3.631442, -3.106338, 6.974217, -15.553194, -69.506070
1.690000, 1, 1, 1, 0, 1.846031, 0.476035, 3.000025, 1.780042, 0.311656, 2.999987, 1.570332, 0.611282, 3.000202, 1.325098, 0.399786, 3.006244, 1.619611, 0.419919, 3.257932, 0.471334, 0.714984, -0.802083, 0.353782, 5.753304, -13.399685, 0.065358, -0.058746, -0.093771, 0.991708, -1.894720, 3.388077, -3.845711, 17.240622, -33.272253, -78.618800
1.700000, 1, 1, 1, 0, 1.846031, 0.476035, 3.000025, 1.780042, 0.311656, 2.999987, 1.570332, 0.611282, 3.000202, 1.334537, 0.425203, 3.007855, 1.624367, 0.427357, 3.249210, 0.482100, 0.772837, -0.945621, 1.799376, 5.817319, -15.307752, 0.053708, -0.045123, -0.115351, 0.990845, -1.681418, 2.962415, -4.683181, 24.869097, -52.060889, -89.064791
1.710000, 1, 1, 1, 0, 1.846031, 0.476035, 3.000025, 1.780042, 0.311656, 2.999987, 1.570332, 0.611282, 3.000202, 1.342466, 0.446555, 3.009009, 1.629256, 0.435347, 3.239070, 0.493628, 0.822203, -1.074144, 0.506063, 4.055820, -10.396825, 0.043243, -0.033930, -0.140904, 0.988496, -1.453386, 2.469286, -5.466236, 20.517705, -46.616262, -67.431146
1.720000, 1, 1, 1, 0, 1.846031, 0.476035, 3.000025, 1.780042, 0.311656, 2.999987, 1.570332, 0.611282, 3.000202, 1.347790, 0.460892, 3.009454, 1.634196, 0.443743, 3.227891, 0.492222, 0.853953, -1.153557, -0.787268, 2.294296, -5.485838, 0.033959, -0.025013, -0.169586, 0.984612, -1.274104, 2.029717, -6.029729, 15.249939, -41.288224, -45.174513
1.730000, 1, 1, 1, 0, 1.846031, 0.476035, 3.000025, 1.780042, 0.311656, 2.999987, 1.570332, 0.611282, 3.000202, 1.353075, 0.475126, 3.009015, 1.639057, 0.452367, 3.216162, 0.477882, 0.868088, -1.183861, -2.080599, 0.532771, -0.574850, 0.025680, -0.018052, -0.200261, 0.979240, -1.149033, 1.644102, -6.368074, 9.784065, -35.791796, -22.421797
1.740000, 1, 1, 1, 0, 1.846031, 0.476035, 3.000025, 1.780042, 0.311656, 2.999987, 1.570332, 0.611282, 3.000202, 1.360976, 0.496409, 3.007855, 1.643711, 0.461046, 3.204377, 0.450610, 0.864609, -1.165054, -3.373930, -1.228754, 4.336138, 0.018189, -0.012756, -0.231773, 0.972516, -1.077123, 1.314857, -6.476892, 4.703049, -30.007943, 0.713336
1.750000, 1, 1, 1, 0, 1.846031, 0.476035, 3.000025, 1.780042, 0.311656, 2.999987, 1.570332, 0.611282, 3.000202, 1.370399, 0.521790, 3.006230, 1.648026, 0.469601, 3.193025, 0.410404, 0.843513, -1.097138, -4.667261, -2.990278, 9.247125, 0.011255, -0.008850, -0.262968, 0.964698, -1.052227, 1.044795, -6.352865, 0.440118, -23.972578, 24.131901
1.760000, 1, 0, 1, 0, 1.846031, 0.476035, 3.000025, 1.779967, 0.311602, 3.000034, 1.570332, 0.611282, 3.000202, 1.380248, 0.548319, 3.004395, 1.651876, 0.477857, 3.182598, 0.357264, 0.804803, -0.980112, -5.960592, -4.751803, 14.158113, 0.004658, -0.006073, -0.292709, 0.956171, -1.064684, 0.835743, -5.993589, -2.737578, -17.838084, 47.750322
1.770000, 1, 0, 1, 0, 1.846031, 0.476035, 3.000025, 1.778323, 0.310423, 3.001058, 1.570332, 0.611282, 3.000202, 1.389427, 0.573045, 3.002605, 1.655129, 0.485638, 3.173587, 0.291192, 0.748477, -0.813976, -7.253922, -6.513328, 19.069100, -0.001795, -0.004173, -0.319889, 0.947444, -1.103032, 0.687649, -5.397420, -4.736989, -11.818761, 71.500762
1.780000, 1, 0, 1, 0, 1.846031, 0.476035, 3.000025, 1.774963, 0.308013, 3.003112, 1.570332, 0.611282, 3.000202, 1.396842, 0.593017, 3.001115, 1.657656, 0.492768, 3.166482, 0.212186, 0.674536, -0.598730, -8.547253, -8.274852, 23.980088, -0.008264, -0.002914, -0.343438, 0.939135, -1.155731, 0.598252, -4.563309, -5.633576, -6.132590, 95.331248
1.790000, 1, 0, 1, 0, 1.846031, 0.476035, 3.000025, 1.770457, 0.304781, 3.005797, 1.570332, 0.611282, 3.000202, 1.401396, 0.605284, 3.000181, 1.659329, 0.499070, 3.161776, 0.120247, 0.582980, -0.334374, -9.840584, -10.036377, 28.891075, -0.014871, -0.002079, -0.362321, 0.931933, -1.212764, 0.563305, -3.490650, -5.652554, -0.951472, 119.205717
1.800000, 1, 0, 1, 1, 1.846031, 0.476035, 3.000025, 1.765379, 0.301139, 3.008709, 1.570332, 0.611282, 3.000202, 1.402304, 0.607730, 2.999992, 1.660018, 0.504369, 3.159958, 0.015374, 0.473809, -0.020908, -11.133915, -11.797902, 33.802063, -0.021704, -0.001482, -0.375522, 0.926558, -1.267007, 0.577213, -2.179117, -5.142203, 3.629762, 143.104018
1.810000, 1, 0, 1, 1, 1.846031, 0.476035, 3.000025, 1.760300, 0.297496, 3.011446, 1.570332, 0.611282, 3.000202, 1.402304, 0.607730, 2.999992, 1.659643, 0.508539, 3.161360, -0.087666, 0.362297, 0.293444, -9.474041, -10.504520, 29.068398, -0.028777, -0.001009, -0.382401, 0.923548, -1.296853, 0.596274, -0.871916, -0.828846, 0.178454, 118.352623
1.820000, 1, 0, 1, 1, 1.846031, 0.476035, 3.000025, 1.755794, 0.294265, 3.013607, 1.570332, 0.611282, 3.000202, 1.402304, 0.607730, 2.999992, 1.658320, 0.511658, 3.165669, -0.174107, 0.263718, 0.560460, -7.814169, -9.211143, 24.334812, -0.035884, -0.000711, -0.383783, 0.922726, -1.283288, 0.581319, 0.188275, 3.571136, -3.115825, 93.702627
1.830000, 1, 0, 1, 1, 1.846031, 0.476035, 3.000025, 1.752433, 0.291854, 3.014789, 1.570332, 0.611282, 3.000202, 1.402304, 0.607730, 2.999992, 1.656216, 0.513856, 3.172412, -0.243949, 0.178074, 0.780140, -6.154298, -7.917765, 19.601226, -0.042760, -0.000653, -0.380826, 0.923657, -1.224635, 0.535459, 1.002474, 8.206867, -5.963265, 69.153507
1.840000, 1, 0, 1, 1, 1.846031, 0.476035, 3.000025, 1.750052, 0.290147, 3.014622, 1.570332, 0.611282, 3.000202, 1.402304, 0.607730, 2.999992, 1.653496, 0.515263, 3.181114, -0.297193, 0.105363, 0.952484, -4.494426, -6.624388, 14.867639, -0.049138, -0.000858, -0.374661, 0.925858, -1.118130, 0.464159, 1.571644, 13.146100, -8.182694, 44.693865
1.850000, 1, 0, 1, 1, 1.846031, 0.476035, 3.000025, 1.746373, 0.287509, 3.013178, 1.570332, 0.611282, 3.000202, 1.402304, 0.607730, 2.999992, 1.650327, 0.516007, 3.191304, -0.333837, 0.045586, 1.077493, -2.834555, -5.331011, 10.134053, -0.054747, -0.001300, -0.366411, 0.928840, -0.960728, 0.374142, 1.896577, 18.378926, -9.705159, 20.301447
1.860000, 1, 0, 1, 1, 1.846031, 0.476035, 3.000025, 1.741683, 0.284147, 3.010851, 1.570332, 0.611282, 3.000202, 1.402304, 0.607730, 2.999992, 1.646875, 0.516217, 3.202507, -0.353884, -0.001257, 1.155165, -1.174683, -4.037634, 5.400467, -0.059318, -0.001909, -0.357205, 0.932139, -0.749801, 0.272218, 1.977788, 23.835552, -10.583228, -4.056842
1.870000, 1, 0, 1, 1, 1.846031, 0.476035, 3.000025, 1.736554, 0.280470, 3.008043, 1.570332, 0.611282, 3.000202, 1.402304, 0.607730, 2.999992, 1.643305, 0.516025, 3.214249, -0.357331, -0.035166, 1.185502, 0.485188, -2.744257, 0.666881, -0.062583, -0.002571, -0.348182, 0.935332, -0.483622, 0.164028, 1.815409, 29.410196, -11.000722, -28.424927
1.880000, 1, 0, 1, 1, 1.846031, 0.476035, 3.000025, 1.731560, 0.276890, 3.005153, 1.570332, 0.611282, 3.000202, 1.402304, 0.607730, 2.999992, 1.639784, 0.515557, 3.226059, -0.344180, -0.056142, 1.168503, 2.145060, -1.450880, -4.066705, -0.064279, -0.003146, -0.340497, 0.938041, -0.161605, 0.052684, 1.409076, 34.982454, -11.278972, -52.857561
1.890000, 1, 0, 1, 1, 1.846031, 0.476035, 3.000025, 1.727271, 0.273815, 3.002585, 1.570332, 0.611282, 3.000202, 1.402304, 0.607730, 2.999992, 1.636477, 0.514945, 3.237462, -0.314430, -0.064184, 1.104168, 3.804931, -0.157503, -8.800291, -0.064148, -0.003485, -0.335316, 0.939913, 0.215602, -0.062605, 0.757825, 40.426742, -11.877676, -77.420351
1.900000, 1, 0, 1, 1, 1.846031, 0.476035, 3.000025, 1.724261, 0.271657, 3.000739, 1.570332, 0.611282, 3.000202, 1.402304, 0.607730, 2.999992, 1.633550, 0.514317, 3.247984, -0.268081, -0.059292, 0.992497, 5.464802, 1.135874, -13.533877, -0.061929, -0.003461, -0.333814, 0.940596, 0.646033, -0.187901, -0.140019, 45.600169, -13.389750, -102.189797
1.910000, 1, 0, 1, 1, 1.846031, 0.476035, 3.000025, 1.723101, 0.270826, 3.000016, 1.570332, 0.611282, 3.000202, 1.402304, 0.607730, 2.999992, 1.631134, 0.513779, 3.257245, -0.216217, -0.048476, 0.860767, 4.908008, 1.027284, -12.812147, -0.057492, -0.003026, -0.336804, 0.939813, 1.048308, -0.312474, -1.060352, 34.814381, -11.648834, -81.885358
1.920000, 1, 1, 1, 1, 1.846031, 0.476035, 3.000025, 1.723101, 0.270826, 3.000016, 1.570332, 0.611282, 3.000202, 1.402304, 0.607730, 2.999992, 1.629208, 0.513343, 3.265224, -0.169921, -0.038747, 0.736254, 4.351209, 0.918694, -12.090353, -0.051232, -0.002318, -0.343660, 0.937693, 1.341855, -0.421893, -1.777649, 23.887751, -10.220201, -61.559160
1.930000, 1, 1, 1, 1, 1.846031, 0.476035, 3.000025, 1.723101, 0.270826, 3.000016, 1.570332, 0.611282, 3.000202, 1.402304, 0.607730, 2.999992, 1.627717, 0.513000, 3.271994, -0.129193, -0.030103, 0.618960, 3.794411, 0.810103, -11.368559, -0.043678, -0.001519, -0.353387, 0.934456, 1.526214, -0.515505, -2.291055, 13.006370, -8.387590, -41.090473
1.940000, 1, 1, 1, 1, 1.846031, 0.476035, 3.000025, 1.723101, 0.270826, 3.000016, 1.570332, 0.611282, 3.000202, 1.402304, 0.607730, 2.999992, 1.626605, 0.512738, 3.277627, -0.094033, -0.022545, 0.508883, 3.237612, 0.701513, -10.646765, -0.035363, -0.000788, -0.364984, 0.930342, 1.602713, -0.586673, -2.598716, 2.343333, -5.671255, -20.400382
1.950000, 1, 1, 1, 1, 1.846031, 0.476035, 3.000025, 1.723101, 0.270826, 3.000016, 1.570332, 0.611282, 3.000202, 1.402304, 0.607730, 2.999992, 1.625817, 0.512546, 3.282196, -0.064441, -0.016072, 0.406024, 2.680813, 0.592923, -9.924972, -0.026828, -0.000236, -0.377452, 0.925640, 1.574319, -0.625151, -2.698197, -7.950101, -1.828899, 0.548135
1.960000, 1, 1, 1, 1, 1.846031, 0.476035, 3.000025, 1.723101, 0.270826, 3.000016, 1.570332, 0.611282, 3.000202, 1.402304, 0.607730, 2.999992, 1.625298, 0.512413, 3.285772, -0.040417, -0.010686, 0.310384, 2.124014, 0.484332, -9.203178, -0.018620, 0.000086, -0.389803, 0.920710, 1.445277, -0.619431, -2.586904, -17.776948, 3.152176, 21.750134
1.970000, 1, 1, 1, 1, 1.846031, 0.476035, 3.000025, 1.723101, 0.270826, 3.000016, 1.570332, 0.611282, 3.000202, 1.402304, 0.607730, 2.999992, 1.624991, 0.512328, 3.288427, -0.021961, -0.006386, 0.221961, 1.567215, 0.375742, -8.481384, -0.011287, 0.000191, -0.401062, 0.915981, 1.220355, -0.558963, -2.262501, -27.135847, 9.070292, 43.158660
1.980000, 1, 1, 1, 1, 1.846031, 0.476035, 3.000025, 1.723101, 0.270826, 3.000016, 1.570332, 0.611282, 3.000202, 1.402304, 0.607730, 2.999992, 1.624840, 0.512281, 3.290235, -0.009072, -0.003171, 0.140756, 1.010416, 0.267151, -7.759590, -0.005377, 0.000145, -0.410271, 0.911948, 0.903701, -0.436208, -1.723334, -36.157508, 15.527601, 64.684756
1.990000, 1, 1, 1, 1, 1.846031, 0.476035, 3.000025, 1.723101, 0.270826, 3.000016, 1.570332, 0.611282, 3.000202, 1.402304, 0.607730, 2.999992, 1.624790, 0.512261, 3.291266, -0.001752, -0.001043, 0.066769, 0.453618, 0.158561, -7.037796, -0.001435, 0.000048, -0.416487, 0.909141, 0.497405, -0.248528, -0.968846, -45.124019, 21.943533, 86.197494
2.000000, 1, 1, 1, 1, 1.846031, 0.476035, 3.000025, 1.723101, 0.270826, 3.000016, 1.570332, 0.611282, 3.000202, 1.402304, 0.607730, 2.999992, 1.624786, 0.512257, 3.291594, -0.000000, 0.000000, -0.000000, -0.103181, 0.049970, -6.316002, 0.000000, -0.000000, -0.418769, 0.908093, -0.000000, 0.000000, 0.000000, -54.460089, 27.553801, 107.524005
